insert into tb_test_type values ('1','一般资料');
insert into tb_test_type values ('2','性行为及安全套使用-同性性行为');
insert into tb_test_type values ('3','性行为及安全套使用-异性性行为');
insert into tb_test_type values ('4','性行为及安全套使用-商业性男男性行为-付钱的形式');
insert into tb_test_type values ('5','性行为及安全套使用-商业性男男性行为-得到钱的形式');
insert into tb_test_type values ('6','药物滥用情况');
insert into tb_test_type values ('7','性病相关情况');
insert into tb_test_type values ('8','艾滋病相关知识');
insert into tb_test_type values ('9','相关服务获得');
insert into tb_test_content (id, test_type, test_content) values ('1','1','1.您的户籍属于');
insert into tb_test_content (id, test_type, test_content) values ('2','1','2.您在当前城市居住时间');
insert into tb_test_content (id, test_type, test_content) values ('3','1','3.您的民族');
insert into tb_test_content (id, test_type, test_content) values ('4','1','4.您的婚姻状况');
insert into tb_test_content (id, test_type, test_content) values ('5','1','5.您的学历（包括在读）');
insert into tb_test_content (id, test_type, test_content) values ('6','1','6.您的职业是');
insert into tb_test_content (id, test_type, test_content) values ('7','1','7.您现在的月收入(元)是');
insert into tb_test_content (id, test_type, test_content) values ('8','1','8.您认为自己属于下列那种情况?');
insert into tb_test_content (id, test_type, test_content) values ('9','1','9.您所认识的男性同性恋或双性恋人数（人）？');
insert into tb_test_content (id, test_type, test_content) values ('10','2','1.您的第一个性伙伴是男性还是女性?【性行为包括口交、阴道交、肛交】');
insert into tb_test_content (id, test_type, test_content) values ('11','2','2.您在第一次与女性发生性行为时有没有使用安全套? ');
insert into tb_test_content (id, test_type, test_content) values ('12','2','3.您第一次与男性发生性行为时年龄是_周岁？');
insert into tb_test_content (id, test_type, test_content) values ('13','2','4.您在第一次与男性发生性行为时有没有使用安全套?');
insert into tb_test_content (id, test_type, test_content) values ('14','2','5.您寻找性伴侣的场所是？（可多选）');
insert into tb_test_content (id, test_type, test_content) values ('15','2','6.您现在有没有固定性伴侣（维持关系至少3个月）？');
insert into tb_test_content (id, test_type, test_content) values ('16','2','7.当前，您最重要的固定伴侣是男性还是女性? ');
insert into tb_test_content (id, test_type, test_content) values ('17','2','8.您与固定伴侣的关系维持多长时间了');
insert into tb_test_content (id, test_type, test_content) values ('18','2','9.过去6个月内，您与多少位男性发生过性行为【包括肛交、口交】？');
insert into tb_test_content (id, test_type, test_content) values ('19','2','9a.过去6月内，您与男性发生性行为时采取的主要行为方式是？');
insert into tb_test_content (id, test_type, test_content) values ('20','2','9b.过去6个月内，您与男性发生性行为做1时，使用安全套情况是？');
insert into tb_test_content (id, test_type, test_content) values ('21','2','9c.过去6个月内，您与男性发生性行为做0时，使用安全套情况是？');
insert into tb_test_content (id, test_type, test_content) values ('22','2','10.过去6个月内，您与男性发生口交性行为，使用安全套的情况是？');
insert into tb_test_content (id, test_type, test_content) values ('23','2','11.过去6个月中，您是否曾因喝酒、药物（毒品）使用等原因，而在与男性发生性行为时没有使用安全套？');
insert into tb_test_content (id, test_type, test_content) values ('24','2','12.过去6个月内，您是否在与男性发生性行为之前，知晓对方的HIV血清状况？');
insert into tb_test_content (id, test_type, test_content) values ('25','2','13.过去6个月内，当您知道对方为HIV阴性，您是否使用安全套？（选1-4均有意义）');
insert into tb_test_content (id, test_type, test_content) values ('26','2','14.过去6个月内，您是否有过群P的经历（同时与2位或以上的男性发生性行为）？');
insert into tb_test_content (id, test_type, test_content) values ('27','2','15.过去6个月内，参与群P中安全套使用情况？');
insert into tb_test_content (id, test_type, test_content) values ('28','2','16.您认为，对于坚持100%使用安全套最大的障碍是？');
insert into tb_test_content (id, test_type, test_content) values ('29','2','17.在未来6个月中，假设您有固定男性伴侣，您与固定伴侣使用安全套的情况会是？');
insert into tb_test_content (id, test_type, test_content) values ('30','2','18.在未来6个月中，假设您有临时男性伴侣，您使用安全套的情况会是？');
insert into tb_test_content (id, test_type, test_content) values ('31','3','1.过去6个月内，您是否曾与女性发生过性行为？');
insert into tb_test_content (id, test_type, test_content) values ('32','3','2.过去6个月内，您与多少位女性发生过性行为？');
insert into tb_test_content (id, test_type, test_content) values ('33','3','3.过去6个月内，您与异性伴侣发生性行为使用安全套的情况是');
insert into tb_test_content (id, test_type, test_content) values ('34','3','4.在未来6个月中，假设您有异性性伴侣时，您会使用安全套吗？');
insert into tb_test_content (id, test_type, test_content) values ('35','4','1.过去6个月内，您是否曾通过付钱的形式与男性发生性行为？');
insert into tb_test_content (id, test_type, test_content) values ('36','4','2.过去6个月内，您通过付钱与多少位男性发生过性行为？');
insert into tb_test_content (id, test_type, test_content) values ('37','4','3.过去6个月内，您通过付钱与男性发生性行为时的方式为？');
insert into tb_test_content (id, test_type, test_content) values ('38','4','3a.做1时，使用安全套的情况是？');
insert into tb_test_content (id, test_type, test_content) values ('39','4','3b.做0时，使用安全套的情况是？');
insert into tb_test_content (id, test_type, test_content) values ('40','4','4.在未来6个月中，假设您通过付钱的形式与男性发生性行为，您使用安全套的情况会是？');
insert into tb_test_content (id, test_type, test_content) values ('41','5','1.过去6个月内，您是否曾为了得到钱与男性发生性行为？');
insert into tb_test_content (id, test_type, test_content) values ('42','5','2.过去6个月内，您曾为得到钱而与多少位男性发生过性行为？');
insert into tb_test_content (id, test_type, test_content) values ('43','5','3.过去6个月内，您为得到钱与男性发生性行为时的方式为？');
insert into tb_test_content (id, test_type, test_content) values ('44','5','3a.做1时，使用安全套的情况是？');
insert into tb_test_content (id, test_type, test_content) values ('45','5','3b.做0时，使用安全套的情况是？');
insert into tb_test_content (id, test_type, test_content) values ('46','5','4.在未来6个月中，假设您为得到钱与男性发生性行为，您使用安全套的情况会是？');
insert into tb_test_content (id, test_type, test_content) values ('47','6','1.到目前为止，您是否使用过以下物质？（可多选）');
insert into tb_test_content (id, test_type, test_content) values ('48','6','2.您使用此种(这些)物质的主要原因是？');
insert into tb_test_content (id, test_type, test_content) values ('49','6','3.过去6个月内，您注射过成瘾性药物（毒品）吗？（选1有意义）');
insert into tb_test_content (id, test_type, test_content) values ('50','6','4.过去6个月内，您注射成瘾性药物（毒品）时与别人共用过针具吗？');
insert into tb_test_content (id, test_type, test_content) values ('51','6','5.您由于使用成瘾性药物，每月的花费约为  ___  元。');
insert into tb_test_content (id, test_type, test_content) values ('52','6','6.您是否打算戒除使用成瘾性药物（毒品）的行为或采取替代疗法？');
insert into tb_test_content (id, test_type, test_content) values ('53','6','7.您采取戒除使用成瘾性物质（毒品）行为或接受替代疗法的主要原因是？');
insert into tb_test_content (id, test_type, test_content) values ('54','6','8.您的性伴侣中，是否有人使用以上物质？');
insert into tb_test_content (id, test_type, test_content) values ('55','7','1.最近6个月内，您是否患过以下疾病？(可多选)');
insert into tb_test_content (id, test_type, test_content) values ('56','7','2.过去6个月内，您在与男性发生肛交性行为之后（作为0，被插入方），肛门内或周围发生过出血？');
insert into tb_test_content (id, test_type, test_content) values ('57','7','3.过去6个月内，您是否在与男性发生口交性行为（作为，被插入方）前或之后，口腔内有破溃处？');
insert into tb_test_content (id, test_type, test_content) values ('58','7','4.过去6个月内，您在与男性发生性行为过程中，出现过安全套破裂或脱落?');
insert into tb_test_content (id, test_type, test_content) values ('59','7','5.过去6个月内，您在使用安全套前留意安全套是否在保质期内？');
insert into tb_test_content (id, test_type, test_content) values ('60','7','6.假使自己有性病/艾滋病，您是否会做下面的事？（可多选）');
insert into tb_test_content (id, test_type, test_content) values ('61','7','7.当怀疑自己出现性病相关症状时，您是如何解决的？（可多选）');
insert into tb_test_content (id, test_type, test_content) values ('62','8','1.正确使用安全套可以降低艾滋病传播的危险吗？');
insert into tb_test_content (id, test_type, test_content) values ('63','8','2.一个感染了艾滋病病毒的人能从外表看出来吗？');
insert into tb_test_content (id, test_type, test_content) values ('64','8','3.蚊虫叮咬会传播艾滋病病毒吗？');
insert into tb_test_content (id, test_type, test_content) values ('65','8','4.与艾滋病感染者或病人一起吃饭会感染艾滋病吗？');
insert into tb_test_content (id, test_type, test_content) values ('66','8','5.只与一个性伴发生性行为，能降低艾滋病传播的危险吗？');
insert into tb_test_content (id, test_type, test_content) values ('67','8','6.感染艾滋病病毒的孕妇生下的孩子可能感染艾滋病吗？');
insert into tb_test_content (id, test_type, test_content) values ('68','8','7.输入含有艾滋病毒的血液会得艾滋病吗？');
insert into tb_test_content (id, test_type, test_content) values ('69','8','8.与艾滋病病毒感染者共用注射器会感染艾滋病吗？');
insert into tb_test_content (id, test_type, test_content) values ('70','8','9.与感染者握手、拥抱会感染艾滋病吗？');
insert into tb_test_content (id, test_type, test_content) values ('71','8','10.咳嗽、打喷嚏会造成艾滋病传播吗？');
insert into tb_test_content (id, test_type, test_content) values ('72','8','11.目前是否可以通过注射疫苗来预防艾滋病病毒感染？');
insert into tb_test_content (id, test_type, test_content) values ('73','8','12.您一般通过何种途径获取艾滋病相关知识？（可多选）');
insert into tb_test_content (id, test_type, test_content) values ('74','9','1.过去6个月内，您是否接受过有关预防艾滋病的下列服务？');
insert into tb_test_content (id, test_type, test_content) values ('75','9','2.过去6个月内，您是否做过HIV抗体检测?');
insert into tb_test_content (id, test_type, test_content) values ('76','9','3.您不能进行HIV抗体检测的主要原因是？');
insert into tb_test_content (id, test_type, test_content) values ('77','9','4.您最近一次进行HIV检测的时间是 ？_年 _月（并请设置下次检测时间与提醒，提示每3-6个月检测）');
insert into tb_test_content (id, test_type, test_content) values ('78','9','5.您最近一次HIV抗体检测结果是？');
insert into tb_test_content (id, test_type, test_content) values ('79','9','6.您正在接受抗病毒药物治疗？');
insert into tb_test_content (id, test_type, test_content) values ('80','9','7.未来6个月内，您是否打算接受HIV抗体检测？');
insert into tb_test_answer values ('1','城市','农村','','','','');
insert into tb_test_answer values ('2','≤6个月','7-12个月','13-18个月','19-24个月','≥25个月','');
insert into tb_test_answer values ('3','汉族','少数民族','','','','');
insert into tb_test_answer values ('4','未婚','已婚','离异','丧偶','与异性同居','与同性同居');
insert into tb_test_answer values ('5','小学','初中','高中及中专','大专及本科','研究生及以上','');
insert into tb_test_answer values ('6','无','有','','','','');
insert into tb_test_answer values ('7','≤1000','1001-2000','2001-3000','3001-4000','4001-5000','≥5001');
insert into tb_test_answer values ('8','同性恋','双性恋','异性恋','','','');
insert into tb_test_answer values ('9','没有','1-5','6-10','11-15','≥16','');
insert into tb_test_answer values ('10','男','女','','','','');
insert into tb_test_answer values ('11','有','没有','','','','');
insert into tb_test_answer values ('12','','','','','','');
insert into tb_test_answer values ('13','有','没有','','','','');
insert into tb_test_answer values ('14','是','否','','','','');
insert into tb_test_answer values ('15','','','','','','');
insert into tb_test_answer values ('16','男','女','','','','');
insert into tb_test_answer values ('17','3-6个月','7-9个月','10-12个月','≥13个月','','');
insert into tb_test_answer values ('18','','','','','','');
insert into tb_test_answer values ('19','以1（插入性行为）为主','以0（被插入性行为）为主','1和0角色比例相当','','','');
insert into tb_test_answer values ('20','从不用','少于50%','大约50%','多于50%','每次都用','');
insert into tb_test_answer values ('21','从不用','少于50%','大约50%','多于50%','每次都用','');
insert into tb_test_answer values ('22','从不用','少于50%','大约50%','多于50%','每次都用','过去6个月内未进行口交行为');
insert into tb_test_answer values ('23','是','否','','','','');
insert into tb_test_answer values ('24','从不知道','有时知道','多数情况知道','总是知道','','');
insert into tb_test_answer values ('25','从不用','少于50%','大约50%','多于50%','每次都用','');
insert into tb_test_answer values ('26','是','否','','','','');
insert into tb_test_answer values ('27','从不使用','有时使用','总是使用','','','');
insert into tb_test_answer values ('28','认为没有必要使用','同伴不愿使用','使用安全套是对同伴的不信任','发生行为时不能获得安全套','其他原因','');
insert into tb_test_answer values ('29','不用','少于50%','大约50%','多于50%','每次都用','');
insert into tb_test_answer values ('30','不用','少于50%','大约50%','多于50%','每次都用','');
insert into tb_test_answer values ('31','是','否','','','','');
insert into tb_test_answer values ('32','','','','','','');
insert into tb_test_answer values ('33','从不用','少于50%','大约50%','多于50%','每次都用','');
insert into tb_test_answer values ('34','从不用','少于50%','大约50%','多于50%','每次都用','');
insert into tb_test_answer values ('35','是','否','','','','');
insert into tb_test_answer values ('36','','','','','','');
insert into tb_test_answer values ('37','以1（插入性行为）为主','以0（被插入性行为）为主','1和0角色比例相当','','','');
insert into tb_test_answer values ('38','从不用','少于50%','大约50%','多于50%','每次都用','');
insert into tb_test_answer values ('39','从不用','少于50%','大约50%','多于50%','每次都用','');
insert into tb_test_answer values ('40','不用','少于50%','大约50%','多于50%','每次都用','');
insert into tb_test_answer values ('41','是','否','','','','');
insert into tb_test_answer values ('42','','','','','','');
insert into tb_test_answer values ('43','以1（插入性行为）为主','以0（被插入性行为）为主','1和0角色比例相当','','','');
insert into tb_test_answer values ('44','从不用','少于50%','大约50%','多于50%','每次都用','');
insert into tb_test_answer values ('45','从不用','少于50%','大约50%','多于50%','每次都用','');
insert into tb_test_answer values ('46','不用','少于50%','大约50%','多于50%','每次都用','');
insert into tb_test_answer values ('47','是','否','','','','');
insert into tb_test_answer values ('48','缓解压力','寻求刺激','提高性行为兴奋度','其他','','');
insert into tb_test_answer values ('49','是','否','','','','');
insert into tb_test_answer values ('50','是','否','','','','');
insert into tb_test_answer values ('51','','','','','','');
insert into tb_test_answer values ('52','未来6个月内没有打算','未来6个月内有戒除或采取替代治疗的打算','过去1个月内已经开始戒除行为或替代疗法','已经戒除或开始替代疗法，但尚未超过6个月','已经戒除或持续替代疗法，且已经超过6个月','');
insert into tb_test_answer values ('53','家人、朋友的告诫','公司老板的威胁','自己的意愿','其他原因','','');
insert into tb_test_answer values ('54','是','否','','','','');
insert into tb_test_answer values ('55','有','无','','','','');
insert into tb_test_answer values ('56','是','否','过去6个月内未作为0','','','');
insert into tb_test_answer values ('57','是','否','过去6个月内未作为0','','','');
insert into tb_test_answer values ('58','是','否','','','','');
insert into tb_test_answer values ('59','没有','少于50%','大约50%','多于50%','每次都用','');
insert into tb_test_answer values ('60','是','否','','','','');
insert into tb_test_answer values ('61','性病专科门诊就诊','综合医院就诊','私人诊所就诊','自行买药治疗','不作处理','其他方法');
insert into tb_test_answer values ('62','会','不会','不知道','','','');
insert into tb_test_answer values ('63','可以','不可以','不知道','','','');
insert into tb_test_answer values ('64','会','不会','不知道','','','');
insert into tb_test_answer values ('65','会','不会','不知道','','','');
insert into tb_test_answer values ('66','能','不能','不知道','','','');
insert into tb_test_answer values ('67','可能','不能','不知道','','','');
insert into tb_test_answer values ('68','会','不会','不知道','','','');
insert into tb_test_answer values ('69','会','不会','不知道','','','');
insert into tb_test_answer values ('70','会','不会','不知道','','','');
insert into tb_test_answer values ('71','会','不会','不知道','','','');
insert into tb_test_answer values ('72','可以','不可以','不知道','','','');
insert into tb_test_answer values ('73','网络','电视','报刊书籍','朋友告知','同志工作组','卫生人员');
insert into tb_test_answer values ('74','是','否','','','','');
insert into tb_test_answer values ('75','是','否','','','','');
insert into tb_test_answer values ('76','没有必要','缺乏知识与信息','担心信息暴露','担心受到歧视','其他原因','');
insert into tb_test_answer values ('77','','','','','','');
insert into tb_test_answer values ('78','阴性','阳性','不清楚','','','');
insert into tb_test_answer values ('79','是','否','','','','');
insert into tb_test_answer values ('80','是','否','','','','');